SessionID,location_label,type_label,fund_label,class_label,time_label
1,102,1,2,1,2
2,103,1,2,2,2
3,200,1,2,1,2
4,104,1,2,2,2
5,104,1,2,8,1
6,200,1,2,1,2
7,104,1,2,1,2
9,200,1,2,1,2
10,104,1,2,2,1
12,103,2,1,1,2
14,102,1,1,1,2
15,502,1,2,4,2
16,102,1,2,1,2
18,200,1,2,1,2
21,103,2,2,1,2
22,104,2,1,1,2
23,104,1,2,1,2
24,104,1,2,1,2
25,501,1,2,2,2
28,405,1,2,1,2
29,104,2,1,1,2
30,402,4,1,4,2
31,104,1,1,8,2
32,103,1,2,1,2
33,502,1,2,4,2
35,103,1,2,1,2
39,103,2,1,1,2
40,405,1,2,6,1
41,200,1,2,1,2
42,103,1,2,1,2
43,103,1,2,8,2
46,103,1,1,1,1
47,103,2,1,1,2
48,200,1,2,1,2
49,103,2,1,2,2
50,103,1,1,1,2
51,103,2,2,1,2
53,405,1,2,1,2
54,104,1,1,1,2
57,405,1,2,5,2
60,104,1,1,8,2
63,200,1,2,1,2
65,101,1,1,5,1
67,103,1,1,1,2
69,104,1,2,8,1
71,200,1,2,1,1
72,200,1,2,1,2
73,104,1,1,8,1
74,104,1,2,1,2
75,101,1,2,3,2
76,200,1,2,1,2
77,104,1,2,2,2
78,405,1,2,3,1
80,101,2,1,8,2
81,200,1,2,1,2
83,200,1,2,1,2
85,103,1,2,1,2
86,102,1,2,1,1
87,104,1,2,5,2
88,103,2,2,1,2
93,104,1,2,1,2
96,103,1,2,5,1
97,200,1,2,1,2
98,501,1,2,5,2
99,104,1,2,2,2
101,101,1,1,5,2
102,104,2,1,1,2
105,103,1,1,1,2
106,502,1,2,4,2
108,103,1,2,1,2
110,405,1,2,1,2
111,104,1,1,8,1
112,104,1,1,1,2
113,103,1,2,6,1
115,102,1,1,2,2
116,103,1,1,1,2
117,104,1,1,1,2
118,200,1,2,2,2
119,200,1,2,1,2
120,103,1,2,1,2
122,102,1,1,5,2
124,200,1,2,1,2
125,104,1,2,4,2
126,102,1,2,1,2
127,103,2,1,2,2
129,103,1,2,1,2
130,103,1,2,1,2
131,200,1,2,1,2
133,200,1,2,1,2
137,102,1,2,8,2
138,103,1,2,1,2
140,104,1,1,2,2
142,103,2,1,2,2
144,104,1,2,3,2
145,101,1,2,4,2
146,103,1,2,1,2
148,101,1,1,1,2
150,104,1,2,4,2
151,102,1,2,1,2
155,101,1,1,1,2
156,200,1,2,1,2
158,103,1,2,1,2
159,103,3,2,3,2
160,103,1,1,8,2
161,104,1,1,1,2
162,104,1,1,8,1
163,405,1,2,5,1
164,200,1,2,1,2
167,104,1,1,3,2
170,104,1,2,3,2
171,104,1,2,2,2
172,103,2,1,2,2
173,103,1,1,1,2
175,104,1,1,1,2
176,200,1,2,1,2
177,102,1,1,2,2
178,200,1,2,1,2
179,103,2,1,1,2
180,101,2,1,2,2
181,104,1,2,8,2
184,103,2,1,1,2
185,200,1,2,5,2
186,102,1,2,1,2
187,200,1,2,1,2
190,104,1,2,1,1
192,103,1,2,1,2
194,104,1,2,8,2
196,103,2,1,8,1
197,104,1,2,1,2
198,200,1,2,1,2
199,104,1,1,1,2
200,200,1,2,1,2
201,104,1,1,1,2
202,103,1,2,8,2
203,103,1,2,1,2
205,104,1,1,8,2
206,405,4,1,8,2
207,103,1,1,1,2
208,103,3,2,3,2
210,405,1,2,5,2
211,200,1,2,1,2
216,102,1,2,1,2
217,104,1,2,1,2
218,104,1,2,4,2
220,103,1,2,1,2
222,102,1,2,1,1
224,104,1,2,1,2
225,200,1,2,1,1
226,103,1,1,1,2
228,104,1,2,3,2
229,200,1,2,1,2
230,104,1,1,1,2
232,101,1,2,2,2
233,104,4,1,1,2
234,103,1,2,1,2
235,103,1,2,8,1
236,102,1,2,1,2
238,102,4,2,8,2
239,103,1,2,1,1
240,103,1,2,1,2
241,200,1,2,1,2
242,501,1,2,5,2
243,103,1,1,1,2
244,103,1,1,1,2
246,104,1,2,1,1
250,200,1,2,1,2
252,103,2,2,1,2
254,103,2,1,1,1
255,200,1,2,1,2
256,103,1,2,5,1
258,103,1,2,1,2
259,200,1,2,1,2
260,200,1,2,1,2
261,103,1,1,1,2
262,102,1,2,1,1
263,104,1,2,1,2
268,103,1,1,1,2
269,102,1,1,5,1
270,102,1,2,1,2
271,103,2,1,1,2
272,103,1,1,1,2
273,103,1,2,8,1
274,103,1,2,4,2
275,200,1,2,1,2
276,200,1,2,1,2
277,104,2,1,1,2
280,104,1,2,3,2
282,101,2,1,1,2
283,103,1,1,1,2
284,103,2,1,1,2
286,103,1,2,1,2
287,103,1,2,5,2
288,200,1,2,1,2
289,104,1,2,1,2
290,104,1,2,2,2
291,103,1,2,1,1
293,102,1,2,5,1
294,101,1,2,1,2
295,104,1,1,1,2
297,501,1,2,5,2
298,103,1,2,1,2
301,103,2,1,8,1
302,102,1,2,1,2
303,102,1,2,2,2
305,103,1,2,1,2
306,104,1,2,2,1
308,101,1,1,5,2
309,103,1,2,1,1
310,200,1,2,1,2
311,101,1,1,1,2
314,102,1,2,1,2
315,200,1,2,1,1
317,103,1,2,5,2
319,103,1,2,5,1
320,103,1,1,1,2
321,103,1,2,1,2
323,200,1,2,1,1
325,103,2,2,1,2
328,200,1,2,1,2
331,200,1,2,1,2
332,102,1,2,5,2
333,104,1,1,8,1
334,104,1,2,1,2
335,200,1,2,1,2
336,104,1,2,5,2
338,104,2,1,1,2
340,104,1,2,1,2
341,200,1,2,1,2
342,103,2,1,1,2
348,103,1,2,2,2
349,104,1,2,1,2
350,200,1,2,1,2
351,103,1,1,1,1
352,103,1,2,1,2
353,103,1,1,2,2
354,104,1,2,1,2
355,200,1,2,1,2
357,103,1,2,1,2
358,103,2,1,1,2
360,103,1,2,1,2
361,200,1,2,1,2
364,101,2,1,1,2
365,104,2,1,1,2
366,200,1,2,1,2
369,102,1,2,1,2
370,103,1,1,1,2
371,104,1,1,1,2
373,104,1,2,8,2
374,200,1,2,1,2
375,104,2,1,1,2
376,102,1,2,1,1
378,103,1,1,1,2
379,104,1,2,1,2
381,405,1,2,5,2
382,200,1,2,1,2
385,502,1,2,4,2
386,101,2,1,1,2
388,104,1,1,1,2
390,104,2,1,1,2
391,104,1,2,1,2
392,501,1,2,2,2
394,104,1,1,1,2
395,103,2,1,2,2
396,103,1,1,1,2
397,405,1,2,5,2
398,101,1,1,1,2
399,101,1,1,1,2
400,102,1,1,5,1
401,101,1,1,2,2
402,102,2,1,4,1
404,104,1,1,1,2
405,103,2,1,8,1
406,103,1,1,4,2
407,200,1,2,1,2
408,101,1,1,1,2
412,402,4,1,4,2
413,200,1,2,1,2
414,104,1,2,3,2
415,103,1,2,1,2
416,104,1,2,8,1
417,104,1,1,1,2
418,200,1,2,1,2
419,102,4,2,8,2
423,104,1,2,2,2
425,101,1,1,5,2
427,104,2,1,1,2
428,103,1,2,1,2
429,103,1,1,1,2
431,104,1,2,1,2
432,200,1,2,1,2
433,103,1,1,1,2
436,200,1,2,1,2
438,103,1,2,5,2
439,104,1,2,1,2
440,103,1,2,1,2
441,104,1,2,1,2
442,103,1,2,1,2
443,200,1,2,1,1
444,103,2,1,1,2
446,103,1,2,1,2
449,200,1,2,1,2
450,200,1,2,1,2
451,101,1,2,1,2
452,104,2,1,1,2
453,103,1,2,4,1
456,200,1,2,1,2
457,104,1,2,8,1
458,103,1,1,1,2
459,102,1,2,3,2
460,103,2,1,3,2
463,104,1,2,4,2
465,104,1,1,1,2
466,103,2,1,1,1
467,101,1,1,1,2
468,102,1,2,1,2
471,104,1,1,8,2
472,402,4,1,4,2
473,104,1,2,1,2
474,200,1,2,8,2
476,200,1,2,1,2
477,102,1,2,2,2
478,104,1,2,8,1
479,103,1,2,2,2
481,102,1,2,1,2
482,102,1,1,5,1
483,102,1,1,5,1
484,102,1,2,1,1
485,102,1,2,1,2
486,104,1,2,1,1
487,102,1,2,1,2
489,104,1,1,1,2
490,103,2,1,2,1
492,104,1,2,1,2
493,104,2,1,1,2
494,102,1,2,1,2
495,102,1,2,3,1
499,502,1,2,4,2
500,103,1,1,2,2
503,200,1,2,1,2
504,102,1,1,5,2
505,104,2,1,2,2
506,103,1,2,1,2
507,102,1,2,1,2
508,200,1,2,1,2
509,200,1,2,1,2
511,501,1,2,2,2
513,200,1,2,1,2
514,101,2,1,1,2
516,200,1,2,1,2
517,104,1,1,1,2
518,200,1,2,1,2
520,200,1,2,1,1
521,101,1,1,4,2
522,103,1,2,1,2
523,200,1,2,1,2
524,103,1,2,1,1
527,104,3,2,8,2
528,104,1,1,1,2
529,104,1,1,8,1
530,103,1,2,1,2
532,101,1,1,1,2
533,103,1,2,8,1
535,103,1,2,1,2
536,104,2,1,2,2
537,103,1,1,2,2
539,103,1,1,1,2
541,104,1,2,8,2
542,200,1,2,1,2
543,104,1,2,2,2
544,104,4,1,1,2
545,101,1,1,1,2
546,502,1,2,4,2
548,200,1,2,1,2
550,104,1,1,1,2
558,103,1,2,5,2
560,104,1,2,2,2
562,103,1,2,1,2
565,200,1,2,1,2
566,104,1,2,1,2
567,104,1,2,1,2
569,200,1,2,1,2
570,103,2,1,2,1
571,103,2,2,1,2
572,103,1,2,1,2
575,103,1,2,4,2
577,200,1,2,1,2
578,103,1,2,1,2
580,104,1,2,5,2
581,102,1,2,1,2
582,103,1,1,1,2
583,200,1,2,1,2
584,101,2,1,2,2
585,200,1,2,1,2
586,101,1,1,1,2
587,102,1,2,1,2
588,101,1,1,1,2
589,102,1,2,1,2
590,103,1,1,1,2
591,103,1,2,8,2
592,200,1,2,1,2
594,103,1,1,5,2
596,200,1,2,1,1
597,103,1,2,1,2
598,101,1,1,2,2
600,104,1,2,2,2
601,104,1,1,1,2
603,104,4,1,1,2
608,200,1,2,1,2
609,104,1,1,3,2
611,200,1,2,1,2
612,502,1,2,4,2
613,103,1,1,1,2
615,200,1,2,1,2
616,501,1,2,5,2
617,200,1,2,1,2
621,104,1,2,1,2
626,104,1,2,4,2
628,104,1,1,1,2
630,104,1,2,2,2
632,104,1,2,5,2
633,200,1,2,1,2
634,103,2,1,2,2
636,103,1,2,1,2
637,200,1,2,1,2
639,200,1,2,1,2
641,104,1,2,1,2
642,103,1,2,1,1
643,103,1,2,5,1
644,103,2,1,2,2
645,200,1,2,1,2
646,103,1,2,1,2
648,101,1,1,8,2
650,102,1,2,8,2
652,103,2,1,2,2
654,101,1,1,1,2
656,405,4,1,8,2
660,104,1,2,1,2
661,102,1,1,2,1
663,104,1,2,1,1
665,103,1,1,1,2
666,200,1,2,1,2
669,501,1,2,2,2
671,104,1,1,8,1
674,102,1,2,1,2
677,104,2,1,1,2
679,405,1,2,6,1
682,200,1,2,1,2
684,402,4,1,4,2
686,103,2,1,2,2
688,104,1,1,8,2
690,502,1,2,4,2
691,102,1,2,1,1
692,103,2,1,2,2
693,104,1,2,1,2
695,103,1,1,1,2
696,103,1,1,1,2
697,501,1,2,2,1
698,103,1,2,1,2
699,104,1,2,2,2
700,103,1,2,2,2
701,103,2,1,1,2
702,102,1,2,1,2
704,200,1,2,1,2
706,200,1,2,1,2
707,102,1,2,3,2
708,102,1,2,1,1
709,104,1,2,1,2
710,103,1,2,1,1
711,104,2,1,1,2
712,200,1,2,1,2
714,200,1,2,1,2
715,104,1,2,2,1
716,103,2,1,3,2
717,102,1,1,5,2
718,102,1,2,1,2
719,200,1,2,1,2
721,200,1,2,1,2
722,103,1,2,1,2
723,200,1,2,1,2
724,104,1,2,1,1
725,101,1,1,1,2
726,103,1,2,1,2
728,101,2,1,1,2
729,103,1,2,8,2
730,104,1,2,1,2
731,101,2,1,4,2
732,102,1,1,5,1
733,104,1,1,1,2
734,104,1,2,8,2
737,103,1,1,1,2
738,103,1,2,5,2
740,103,1,2,5,1
741,101,1,1,1,2
744,103,2,1,5,2
745,102,1,2,1,2
746,200,1,2,1,1
748,501,1,2,5,2
749,101,1,1,2,2
752,103,1,1,1,2
754,103,3,2,3,2
758,101,1,1,1,2
760,101,1,2,1,2
764,103,1,2,5,1
765,103,1,2,5,2
766,103,1,2,4,2
767,200,1,2,1,2
769,102,2,1,4,2
771,103,2,1,1,1
772,102,1,2,1,2
774,200,1,2,1,2
776,405,1,2,1,2
777,103,1,1,1,2
778,104,1,2,2,2
779,104,1,2,8,2
780,502,1,2,4,2
781,102,1,2,1,2
782,103,1,2,1,2
783,200,1,2,5,2
788,104,4,1,1,2
791,200,1,2,1,2
792,104,1,1,1,1
793,405,1,2,4,1
795,200,1,2,1,1
796,104,2,1,2,2
797,104,1,1,8,1
798,104,1,2,1,2
799,103,1,2,2,2
800,101,1,1,1,2
801,104,1,2,2,2
802,101,2,1,1,2
803,104,1,2,2,2
805,200,1,2,1,2
807,103,1,2,1,2
810,200,1,2,1,2
811,104,1,2,1,2
812,102,1,1,5,1
813,200,1,2,1,2
814,103,1,2,1,2
817,102,1,1,5,2
818,104,1,1,1,2
819,102,1,2,1,2
820,104,2,1,1,2
821,103,1,2,5,1
822,103,2,2,1,1
824,104,1,2,1,2
825,104,1,1,2,2
827,102,4,2,8,2
831,103,1,1,2,2
832,103,2,1,1,2
834,104,2,1,1,2
836,103,3,2,1,2
837,405,1,2,3,1
838,102,1,2,1,2
839,103,1,2,2,2
840,102,4,2,8,2
843,103,1,2,2,2
844,103,1,1,8,2
846,104,1,2,1,2
847,200,1,2,1,2
850,200,1,2,1,2
851,102,1,2,1,2
853,102,1,2,5,1
854,102,1,2,1,2
855,104,1,1,1,1
856,103,1,2,1,2
857,103,1,1,1,2
860,103,1,1,1,2
861,104,2,1,1,2
862,102,1,2,1,1
863,200,1,2,1,2
864,102,1,2,1,1
865,103,1,1,1,2
866,103,1,1,1,1
868,101,1,1,1,2
869,103,1,1,1,2
870,104,1,2,3,2
871,200,1,2,1,2
873,405,4,1,8,2
875,200,1,2,1,2
877,200,1,2,1,2
878,200,1,2,1,2
879,102,1,2,1,2
880,102,1,1,1,2
883,103,1,1,2,2
884,101,1,1,5,2
885,402,4,1,4,2
886,103,1,2,1,2
890,103,1,1,4,2
892,102,1,2,1,2
894,103,3,2,3,2
896,104,1,1,1,2
897,103,1,2,1,2
898,102,1,2,1,2
901,405,1,2,2,2
902,101,1,2,2,2
903,101,1,2,2,2
905,405,1,2,5,2
906,103,1,2,5,1
907,104,1,1,2,2
908,103,4,1,6,2
909,200,1,2,2,2
910,200,1,2,1,2
913,102,1,1,2,2
914,103,4,1,6,2
915,101,2,1,1,2
916,104,1,2,5,2
917,200,1,2,1,2
918,103,1,1,2,2
919,402,1,1,1,2
920,102,1,1,5,1
922,104,1,2,5,2
924,103,2,1,1,2
926,102,1,2,1,2
930,103,2,1,1,2
931,405,1,2,4,1
932,102,4,2,8,2
933,103,2,1,1,2
934,103,1,2,1,1
935,104,1,2,2,2
936,103,1,1,1,2
938,200,1,2,1,2
940,101,2,1,2,2
941,103,1,1,4,2
942,200,1,2,1,2
943,402,1,1,1,2
944,101,1,1,5,2
945,103,2,1,3,2
946,200,1,2,1,2
947,104,1,1,1,1
948,102,1,2,1,1
949,200,1,2,1,2
950,104,1,2,1,2
951,103,3,2,3,2
953,104,1,2,1,2
954,402,4,1,4,2
956,103,1,1,4,2
957,104,1,2,2,2
958,101,2,1,8,2
959,200,1,2,1,2
960,101,1,1,8,2
961,103,1,2,1,2
963,102,1,2,8,2
964,103,1,1,1,2
965,405,1,2,5,1
967,103,1,2,1,2
968,102,1,2,1,2
969,101,1,2,2,2
972,200,1,2,1,2
973,200,1,2,1,2
975,102,1,1,5,2
977,102,1,2,1,2
978,501,1,2,2,2
979,103,1,2,4,2
983,101,1,1,2,2
984,501,1,2,2,2
985,101,1,1,5,1
986,104,4,2,5,2
987,200,1,2,1,2
988,200,1,2,1,2
990,200,1,2,1,2
991,104,1,2,2,2
992,102,1,2,1,2
993,104,1,2,1,1
994,103,1,2,1,2
995,200,1,2,1,2
998,101,1,1,1,2
999,104,1,2,1,2
1001,101,2,1,2,2
1002,102,1,2,1,2
1003,103,1,2,5,2
1005,200,1,2,1,2
1007,102,1,2,1,1
1008,503,1,2,4,2
1009,101,1,1,2,2
1010,102,4,2,8,2
1011,102,1,1,1,2
1013,405,1,2,5,1
1014,104,1,2,8,2
1016,104,4,1,1,2
1018,104,1,2,1,2
1019,104,1,2,2,2
1020,501,1,2,5,2
1021,103,2,1,1,2
1022,103,1,2,1,1
1023,103,4,1,6,2
1026,101,2,1,1,2
1027,102,1,2,1,2
1028,103,1,1,1,2
1031,103,1,1,1,2
1034,102,1,1,2,2
1037,200,1,2,1,2
1038,405,1,2,4,1
1040,102,1,1,1,2
1041,200,1,2,1,2
1042,200,1,2,1,2
1044,103,2,1,8,1
1045,104,1,2,1,2
1048,102,1,2,1,2
1049,102,1,2,1,2
1051,200,1,2,1,2
1052,103,1,1,8,2
1053,104,1,2,1,2
1054,101,1,2,2,2
1055,103,4,1,6,2
1056,103,1,2,1,2
1060,103,1,2,1,2
1061,200,1,2,1,2
1063,103,1,2,5,2
1065,104,2,1,1,2
1067,101,1,2,2,2
1069,101,1,1,1,2
1070,104,1,1,8,1
1072,103,2,1,2,2
1073,103,1,2,1,2
1074,200,1,2,1,2
1075,103,1,1,1,1
1076,103,2,1,8,1
1078,200,1,2,1,2
1079,103,1,2,5,1
1080,200,1,2,1,2
1082,104,1,2,2,2
1083,104,1,2,2,2
1084,102,1,2,1,2
1086,104,1,2,5,2
1087,502,1,2,4,2
1088,103,1,2,1,2
1089,104,1,2,3,2
1090,200,1,2,1,2
1091,103,2,1,1,2
1092,102,1,2,1,2
1093,104,1,2,1,2
1094,103,3,2,1,2
1096,104,1,2,5,1
1098,103,1,2,1,1
1099,503,1,2,4,2
1105,200,1,2,1,2
1107,103,1,1,4,2
1108,102,1,2,1,2
1110,103,1,2,4,1
1111,103,2,1,5,2
1112,101,2,1,1,2
1113,405,1,2,1,2
1114,104,1,2,2,2
1118,101,1,2,2,2
1119,104,1,2,1,2
1121,200,1,2,1,2
1122,200,1,2,1,2
1126,102,1,2,1,1
1127,104,1,2,1,2
1131,102,1,2,1,2
1132,102,1,2,1,1
1133,200,1,2,1,2
1135,104,1,1,8,1
1136,104,1,2,3,2
1137,102,1,2,1,2
1139,103,1,1,1,2
1140,103,2,1,1,2
1142,104,1,2,1,2
1143,501,1,2,5,2
1144,104,1,2,1,2
1146,200,1,2,1,2
1147,103,2,1,2,2
1148,103,1,2,5,2
1150,101,1,2,8,2
1152,102,1,2,1,2
1154,102,1,2,2,2
1160,104,1,2,2,2
1163,103,1,2,5,2
1166,103,1,1,1,2
1167,103,2,1,5,2
1169,104,1,1,1,2
1171,103,2,1,5,2
1172,102,1,2,1,2
1173,200,1,2,1,1
1174,103,1,1,1,2
1177,502,1,2,4,2
1179,200,1,2,1,2
1180,200,1,2,1,2
1182,103,1,2,1,2
1183,104,1,1,8,2
1184,103,1,2,1,1
1187,104,1,1,2,2
1188,103,1,2,1,2
1189,103,3,2,1,2
1190,102,1,1,2,1
1193,103,3,2,1,2
1194,103,2,1,2,2
1195,102,1,2,2,2
1196,104,1,2,2,2
1199,102,1,1,5,1
1201,104,1,1,2,2
1203,104,1,2,1,2
1205,103,1,2,2,2
1206,101,1,1,1,2
1209,104,1,2,8,2
1210,101,2,1,1,2
1211,104,1,1,5,1
1212,101,1,1,1,2
1213,104,1,1,1,2
1214,402,4,1,4,2
1215,104,2,1,1,2
1217,502,1,2,4,2
1218,101,2,1,1,2
1220,103,1,2,8,2
1221,101,1,1,8,2
1222,104,1,2,1,1
1224,405,1,2,4,1
1225,104,1,2,1,2
1226,103,2,1,1,2
1227,104,1,2,1,2
1229,405,1,2,5,2
1231,200,1,2,1,2
1232,101,1,1,5,2
1233,104,1,2,3,2
1234,104,1,2,1,2
1235,200,1,2,1,2
1236,104,1,2,1,2
1237,103,1,2,5,1
1238,102,1,2,1,1
1239,103,2,1,1,2
1240,102,1,2,1,2
1241,200,1,2,1,2
1242,103,1,2,5,2
1243,103,1,1,4,2
1244,103,1,1,4,2
1245,200,1,2,1,2
1246,200,1,2,1,2
1247,200,1,2,1,2
1252,104,1,2,1,2
1254,102,1,1,5,2
1256,102,1,1,2,1
1257,102,1,2,1,1
1258,104,1,2,1,2
1259,103,1,2,8,1
1261,102,1,1,5,1
1262,200,1,2,1,2
1263,200,1,2,1,2
1265,104,1,2,1,2
1267,501,1,2,5,2
1268,103,1,1,1,2
1275,502,1,2,4,2
1276,101,1,1,1,2
1277,102,1,1,1,2
1281,103,1,2,1,2
1282,103,2,1,2,1
1283,102,1,1,5,2
1284,200,1,2,1,2
1285,103,2,2,1,2
1286,103,1,2,1,2
1287,103,1,2,1,2
1288,103,1,2,5,2
1289,200,1,2,1,2
1292,103,1,1,4,2
1293,104,1,2,2,2
1296,102,1,2,8,2
1299,101,1,1,1,2
1300,502,1,2,4,2
1302,104,1,2,1,1
1303,104,1,1,1,2
1304,101,1,1,2,2
1306,103,1,2,1,2
1308,104,1,2,1,2
1310,103,1,2,8,2
1311,200,1,2,2,2
1312,104,1,1,2,2
1314,200,1,2,1,2
1315,104,4,1,1,2
1316,104,2,1,1,2
1318,101,1,1,1,1
1319,102,1,2,1,2
1320,200,1,2,1,2
1321,104,1,2,2,2
1322,104,1,2,2,2
1323,104,1,2,2,2
1326,104,1,2,1,2
1327,101,1,1,1,2
1328,104,1,2,1,2
1329,104,1,2,1,1
1330,200,1,2,1,2
1332,102,1,2,1,2
1333,101,1,1,1,1
1337,103,1,2,1,2
1340,103,1,2,1,1
1341,405,1,2,5,2
1342,101,1,2,1,2
1343,200,1,2,1,2
1345,101,1,2,1,2
1346,104,1,1,1,2
1347,101,1,1,5,2
1349,104,1,2,1,2
1350,104,1,2,1,2
1351,103,2,1,1,2
1352,101,1,1,5,2
1354,102,1,2,1,2
1356,104,1,2,1,2
1359,101,1,1,1,2
1360,103,2,2,1,2
1361,103,2,1,1,1
1362,103,1,2,1,1
1363,103,1,1,1,2
1365,104,1,2,1,2
1366,200,1,2,1,2
1368,101,1,2,4,1
1370,104,4,1,1,2
1371,103,1,1,1,2
1373,104,3,2,8,2
1376,102,1,1,5,2
1377,103,1,2,1,1
1378,200,1,2,1,2
1380,104,1,2,1,2
1381,104,1,1,1,2
1382,104,2,1,2,2
1383,103,1,2,1,1
1386,104,1,1,8,2
1389,104,1,2,1,2
1391,102,4,2,8,2
1392,103,1,2,2,2
1393,102,4,2,8,2
1394,200,1,2,8,2
1395,102,1,2,1,2
1401,104,1,2,1,2
1402,104,1,2,1,2
1403,103,1,2,1,2
1405,200,1,2,2,2
1406,104,1,2,1,2
1408,103,2,1,2,2
1411,200,1,2,1,2
1412,200,1,2,1,2
1413,103,2,2,1,2
1417,200,1,2,1,2
1418,101,1,2,2,1
1419,103,1,1,5,2
1420,200,1,2,1,2
1421,104,1,2,1,2
1422,103,1,2,1,2
1426,102,1,2,5,2
1428,103,2,1,3,2
1429,102,1,2,1,1
1430,104,1,2,2,2
1433,103,1,2,1,2
1435,102,1,1,5,1
1437,104,2,1,1,2
1440,104,1,2,1,2
1441,102,1,2,1,1
1442,200,1,2,1,2
1443,103,1,2,8,2
1444,200,1,2,1,2
1445,104,1,2,7,1
1448,200,1,2,1,2
1449,103,1,2,1,2
1454,104,1,2,4,2
1455,103,1,2,1,2
1457,103,1,1,1,2
1458,200,1,2,1,2
1459,104,1,2,2,1
1462,103,1,2,8,1
1463,101,1,1,1,1
1464,102,1,1,1,2
1465,200,1,2,1,2
1470,104,1,2,8,2
1471,103,2,1,1,1
1475,101,2,1,2,2
1478,101,1,2,2,2
1479,103,3,2,3,2
1480,402,4,1,4,2
1481,101,1,2,3,2
1482,103,1,2,1,2
1483,103,1,2,1,2
1484,104,2,1,1,2
1485,103,1,1,1,2
1486,200,1,2,1,2
1489,102,3,2,1,2
1492,103,2,1,1,2
1493,104,2,1,1,2
1494,102,1,2,1,2
1495,103,2,1,1,1
1496,103,3,2,1,2
1497,104,1,2,5,2
1503,200,1,2,1,2
1504,104,1,1,1,2
1506,103,1,2,2,2
1507,104,1,1,1,2
1508,200,1,2,5,2
1510,104,1,2,1,2
1512,103,1,2,1,2
1513,104,1,2,1,2
1514,103,1,2,8,1
1515,104,2,1,1,2
1518,200,1,2,1,2
1519,104,1,2,1,2
1521,104,1,2,8,2
1522,104,2,1,1,2
1523,103,1,2,1,2
1524,102,1,2,8,2
1525,104,1,2,1,2
1527,200,1,2,1,2
1528,104,1,2,2,2
1529,402,1,1,1,2
1530,104,1,2,1,2
1531,103,2,1,1,1
1532,104,3,2,8,2
1533,103,2,1,1,2
1534,104,2,1,1,2
1535,103,1,1,1,2
1536,200,1,2,1,2
1537,102,1,2,1,2
1538,103,1,1,1,2
1539,104,1,2,1,2
1540,200,1,2,2,2
1541,103,1,2,5,2
1542,103,1,2,1,2
1544,103,1,2,5,2
1546,503,1,2,4,2
1547,103,1,2,1,2
1548,102,1,2,3,1
1549,101,1,1,8,2
1552,102,1,2,1,2
1553,102,1,2,1,2
1555,104,1,2,1,2
1556,501,1,2,5,2
1557,103,1,2,5,2
1558,103,2,2,1,2
1560,102,1,2,1,2
1562,104,1,2,1,2
1563,104,1,1,8,1
1564,104,2,1,1,2
1565,104,1,2,1,2
1566,102,1,1,5,2
1568,103,1,1,1,2
1569,200,1,2,1,2
1571,102,1,1,5,1
1572,200,1,2,1,2
1573,104,1,2,1,1
1574,501,1,2,2,2
1575,200,1,2,1,2
1576,102,4,2,8,2
1578,103,1,2,1,2
1579,101,1,1,1,2
1580,104,1,2,1,2
1581,101,2,1,4,2
1583,104,3,2,8,2
1586,103,1,1,1,2
1588,104,1,2,1,2
1590,104,2,1,1,2
1591,104,1,1,1,2
1593,102,1,2,1,2
1594,104,1,2,1,2
1596,200,1,2,1,2
1597,501,1,2,5,2
1599,405,1,2,1,2
1600,103,1,1,1,2
1604,101,2,1,1,2
1605,102,1,2,1,2
1606,103,1,1,1,1
1607,104,1,2,2,2
1608,402,1,1,1,2
1609,103,1,2,2,2
1610,103,1,1,1,2
1613,104,1,1,8,1
1617,200,1,2,1,2
1618,104,1,2,1,1
1619,103,1,2,1,2
1620,103,1,2,5,2
1621,104,2,1,2,2
1623,103,1,1,1,2
1624,200,1,2,1,2
1625,103,1,1,2,2
1626,101,1,2,8,2
1627,103,1,1,5,2
1628,104,1,2,1,2
1629,405,1,2,6,1
1630,200,1,2,1,2
1632,104,1,2,1,2
1633,101,1,1,1,2
1637,103,1,1,1,2
1638,103,1,2,5,1
1639,104,1,2,8,2
1640,101,1,1,4,2
1641,104,1,1,8,1
1642,104,1,2,1,2
1643,102,1,2,8,2
1644,102,1,1,1,2
1646,104,3,2,8,2
1647,200,1,2,1,2
1648,103,1,2,1,2
1649,200,1,2,1,2
1650,104,1,1,1,2
1651,200,1,2,1,2
1652,101,1,2,2,1
1654,101,1,1,1,2
1655,103,1,2,1,1
1657,103,1,2,1,2
1658,101,1,2,2,2
1661,200,1,2,1,2
1664,104,1,2,8,1
1667,200,1,2,1,2
1668,104,1,2,3,2
1670,103,1,2,1,2
1672,104,1,1,8,1
1673,503,1,2,4,2
1675,101,1,1,1,2
1676,103,1,1,2,2
1678,200,1,2,1,2
1679,104,1,2,2,2
1680,102,1,2,1,2
1681,200,1,2,1,2
1682,200,1,2,1,2
1683,102,1,2,1,2
1685,103,1,2,4,2
1687,200,1,2,1,2
1688,103,1,2,2,2
1689,103,1,2,1,2
1690,101,1,1,1,1
1691,103,2,1,2,2
1692,102,1,2,1,2
1693,501,1,2,2,2
1694,101,1,1,1,2
1695,200,1,2,1,2
1699,104,1,1,1,2
1701,102,1,2,1,1
1702,104,1,1,1,2
1705,104,1,1,1,1
1707,103,2,1,1,1
1709,103,1,1,2,2
1710,200,1,2,1,2
1711,102,1,2,2,2
1714,102,1,2,8,2
1715,103,1,1,1,2
1718,101,1,1,8,2
1720,102,1,2,1,2
1721,103,2,2,1,2
1722,104,2,1,1,2
1723,200,1,2,1,2
1724,103,1,2,2,2
1726,503,1,2,4,2
1727,101,1,2,2,2
1729,103,1,2,5,2
1730,103,1,2,1,2
1731,102,1,2,1,2
1732,104,1,2,1,1
1734,101,1,1,1,2
1735,103,1,2,1,2
1736,104,1,2,2,1
1737,200,1,2,1,2
1743,102,1,2,1,1
1744,104,1,2,1,2
1745,200,1,2,1,2
1746,103,1,2,5,1
1747,101,2,1,1,2
1748,103,1,1,1,1
1749,104,1,2,1,2
1753,103,1,2,1,2
1754,104,2,1,2,2
1756,103,1,2,1,2
1757,103,3,2,3,2
1759,200,1,2,1,2
1760,102,1,2,1,1
1761,103,2,1,1,2
1762,103,1,1,2,2
1763,200,1,2,1,2
1764,200,1,2,1,2
1766,200,1,2,1,2
1769,200,1,2,1,2
1770,103,1,2,5,1
1771,103,1,2,1,2
1773,200,1,2,1,2
1774,405,1,2,1,1
1775,103,2,1,2,1
1776,104,1,2,1,2
1777,103,1,1,5,2
1781,103,1,2,5,2
1782,103,1,2,1,2
1783,102,1,2,1,1
1784,102,1,2,1,1
1786,103,3,2,3,2
1787,200,1,2,1,2
1788,103,3,2,1,2
1789,103,1,2,5,2
1790,101,1,2,2,1
1793,103,1,1,2,2
1795,101,1,2,2,1
1796,102,1,2,1,1
1797,200,1,2,1,2
1798,103,1,2,4,2
1799,104,1,1,1,2
1803,104,1,2,3,2
1804,102,1,2,3,2
1805,200,1,2,1,2
1806,104,1,2,5,2
1808,101,1,1,2,2
1810,103,1,2,2,2
1811,200,1,2,1,2
1812,104,1,2,1,1
1815,200,1,2,1,2
1816,104,1,1,1,2
1817,103,1,2,4,2
1819,200,1,2,1,2
1824,103,1,1,1,1
1827,200,1,2,1,2
1829,103,1,2,8,1
1830,104,1,2,1,2
1833,103,2,1,2,2
1834,103,1,2,1,2
1835,402,1,1,1,2
1837,200,1,2,2,2
1838,103,2,1,1,1
1840,101,2,1,8,2
1843,103,1,1,5,2
1844,200,1,2,1,2
1845,101,1,1,5,2
1847,104,1,1,1,2
1848,101,2,1,8,2
1852,102,1,2,5,1
1854,200,1,2,1,1
1855,200,1,2,1,2
1856,103,1,1,2,2
1857,405,1,2,1,2
1858,104,1,2,1,2
1861,103,1,2,8,2
1862,102,1,2,1,2
1863,104,1,2,3,2
1865,402,1,1,1,2
1867,103,1,1,2,2
1868,103,3,2,3,2
1873,103,1,2,1,2
1876,103,2,1,2,1
1878,104,1,2,1,2
1879,200,1,2,1,2
1880,103,2,2,1,2
1883,200,1,2,1,2
1884,103,1,2,2,2
1885,101,1,2,2,2
1887,103,1,1,1,2
1888,102,1,1,1,2
1889,103,1,2,1,2
1891,103,1,1,1,2
1892,200,1,2,1,2
1893,101,2,1,1,2
1895,200,1,2,1,2
1896,402,4,1,4,2
1898,101,1,1,2,2
1900,102,1,2,5,2
1902,104,1,2,1,1
1904,102,1,2,2,2
1906,502,1,2,4,2
1907,101,1,1,1,1
1909,102,1,2,1,1
1911,103,1,2,1,2
1912,200,1,2,1,2
1913,101,2,1,1,2
1914,200,1,2,1,2
1916,101,1,1,8,2
1917,101,1,2,2,2
1918,101,1,1,2,2
1919,402,4,1,4,2
1920,103,1,2,5,2
1922,103,3,2,3,2
1924,103,1,1,1,2
1925,104,1,1,1,2
1926,103,1,2,8,2
1928,103,1,2,1,2
1929,103,1,1,1,2
1931,104,1,2,1,2
1932,103,1,2,1,2
1935,104,1,1,2,2
1936,102,1,2,1,1
1937,102,1,1,5,2
1939,103,1,2,1,2
1940,200,1,2,1,2
1945,102,1,2,8,2
1947,104,1,2,2,2
1949,103,2,1,2,1
1950,200,1,2,1,2
1951,103,1,2,5,2
1953,102,1,2,1,2
1954,103,1,2,8,2
1957,104,1,2,1,2
1958,104,1,2,1,2
1959,103,2,1,1,2
1960,101,1,1,1,2
1967,103,1,2,1,2
1968,502,1,2,2,2
1969,501,1,2,6,2
1970,103,2,1,1,2
1971,104,1,2,1,2
1972,101,1,2,2,2
1973,103,2,1,8,1
1974,103,1,1,1,2
1975,102,1,2,1,2
1976,104,1,2,1,2
1977,102,1,2,1,2
1979,101,2,1,2,2
1980,101,1,2,2,1
1981,103,1,1,2,2
1983,200,1,2,1,2
1984,104,1,1,8,1
1985,102,1,2,1,2
1986,103,3,2,1,2
1987,104,1,2,1,2
1988,102,1,2,5,2
1989,103,2,2,1,2
1990,103,1,2,1,2
1991,502,1,2,4,2
1993,102,1,2,1,2
1994,103,2,1,1,2
1995,103,1,2,5,2
1996,104,2,1,1,2
1997,101,1,2,2,2
1999,103,1,2,8,1
2001,103,2,1,1,2
2003,103,1,2,2,2
2011,104,2,1,1,2
2012,104,1,2,2,2
2013,104,1,2,2,2
2014,102,1,1,5,2
2016,101,4,1,8,2
2017,101,2,1,1,2
2018,102,1,2,1,1
2019,501,1,2,5,2
2021,104,1,1,1,2
2022,103,1,1,2,2
2023,104,1,2,8,2
2025,103,1,2,1,2
2026,104,2,1,2,2
2028,104,1,2,5,1
2029,103,3,2,1,2
2030,104,1,1,1,2
2031,200,1,2,1,2
2033,104,4,1,1,2
2036,104,4,2,1,2
2037,402,4,1,4,2
2038,200,1,2,1,2
2041,200,1,2,1,2
2043,200,1,2,8,2
2044,102,1,2,5,1
2045,103,1,1,1,2
2047,104,1,2,1,2
2050,102,1,1,5,2
2051,103,2,1,1,2
2055,103,3,2,1,2
2059,103,2,1,3,2
2061,102,1,2,1,2
2062,103,1,2,1,2
2063,102,1,2,1,1
2064,104,4,1,1,2
2065,103,1,2,5,2
2067,103,2,1,1,2
2068,103,1,1,1,1
2069,101,1,2,2,1
2071,102,1,2,1,2
2073,103,1,2,1,2
2074,103,1,2,1,2
2075,102,4,2,8,2
2076,103,1,1,1,2
2078,103,2,1,1,2
2082,102,1,2,1,1
2084,103,1,1,1,2
2085,200,1,2,1,2
2086,101,2,1,8,2
2087,200,1,2,1,2
2088,103,1,2,1,1
2089,104,1,2,2,2
2090,102,1,2,5,2
2091,101,1,2,1,2
2092,104,1,2,1,2
2093,104,1,2,2,2
2094,101,1,1,1,2
2096,103,2,1,2,2
2097,501,1,2,2,2
2099,104,1,2,4,2
2100,405,1,2,5,2
2101,200,1,2,1,2
2108,102,1,2,1,2
2112,103,2,2,1,2
2113,103,2,1,1,1
2114,103,1,2,1,2
2115,103,1,1,5,2
2116,101,1,1,2,2
2117,104,1,1,1,2
2118,104,1,2,1,2
2120,103,1,1,1,2
2121,103,1,2,1,2
2123,200,1,2,8,2
2125,102,1,2,1,2
2126,103,1,1,1,2
2127,103,1,1,2,2
2128,103,1,1,1,2
2131,101,2,1,2,2
2132,104,1,1,8,1
2133,502,1,2,4,2
2134,103,3,2,3,2
2135,103,2,1,1,2
2136,103,1,2,2,2
2137,102,1,2,8,2
2138,103,2,1,1,2
2139,501,1,2,2,2
2143,104,1,1,1,2
2146,104,1,2,2,2
2148,200,1,2,1,2
2149,200,1,2,1,2
2151,200,1,2,1,1
2152,102,1,2,1,2
2153,101,1,1,1,2
2155,104,1,2,1,2
2156,101,1,2,1,2
2157,102,1,2,2,2
2158,103,1,2,2,2
2159,102,1,2,8,2
2160,103,2,1,2,2
2161,103,1,2,1,2
2162,103,1,2,1,2
2163,200,1,2,1,2
2165,103,2,1,2,2
2166,103,3,2,1,2
2167,103,1,1,1,2
2168,103,3,2,3,2
2169,104,1,2,8,1
2170,104,1,2,1,2
2172,101,1,1,2,2
2173,101,1,1,1,2
2175,103,2,1,2,2
2176,102,1,2,3,1
2177,200,1,2,1,2
2179,103,1,1,1,2
2181,103,1,2,1,1
2182,104,1,2,1,1
2186,102,1,2,1,2
2187,104,1,2,8,1
2188,102,1,1,1,2
2190,102,1,1,2,2
2191,104,2,1,1,2
2196,101,1,1,1,2
2197,103,1,2,1,2
2199,103,2,1,1,2
2202,104,1,1,8,1
2204,405,1,2,8,1
2207,102,1,2,8,2
2208,102,1,2,1,2
2211,101,1,2,2,1
2212,103,2,1,1,2
2213,103,1,1,1,2
2214,104,2,1,2,2
2215,104,1,2,2,2
2216,104,1,2,1,1
2217,103,2,1,1,2
2218,103,1,2,5,2
2222,200,1,2,1,2
2224,103,2,1,1,1
2225,502,1,2,4,2
2227,102,1,2,1,2
2229,101,1,2,3,2
2230,102,1,1,5,1
2233,104,1,2,1,1
2234,104,1,2,1,2
2235,101,2,1,1,2
2236,102,1,1,5,1
2237,104,1,2,1,2
2238,103,1,2,2,2
2239,104,1,2,8,2
2240,200,1,2,4,2
2241,103,1,1,1,2
2243,104,1,1,1,2
2247,101,1,1,1,2
2248,200,1,2,1,2
2249,103,1,2,1,1
2252,103,3,2,1,2
2253,102,1,2,1,2
2254,104,1,2,1,2
2255,103,1,2,1,2
2256,103,1,2,4,2
2257,104,1,1,1,2
2259,103,1,2,1,2
2261,104,1,2,1,2
2264,101,1,2,2,2
2265,102,1,1,5,1
2266,103,2,1,8,1
2267,103,3,2,3,2
2269,104,1,2,1,2
2270,102,1,2,1,1
2272,200,1,2,1,2
2273,103,1,1,1,2
2276,102,1,1,1,2
2277,200,1,2,1,2
2278,104,1,2,1,2
2279,104,1,1,1,2
2280,103,1,2,1,2
2281,502,1,2,4,2
2282,103,1,2,1,2
2283,103,1,2,1,2
2284,501,1,2,5,2
2285,103,2,1,1,2
2286,103,1,2,5,2
2287,502,1,2,4,2
2288,200,1,2,1,2
2289,200,1,2,1,2
2290,200,1,2,1,2
2292,103,1,1,1,2
2294,103,1,2,1,2
2295,104,1,1,3,2
2296,103,1,1,1,2
2297,101,1,2,2,1
2298,103,1,2,1,1
2300,200,1,2,1,2
2302,502,1,2,4,2
2306,103,1,1,1,2
2307,103,1,1,2,2
2308,103,1,2,4,2
2309,103,1,1,4,2
2310,103,1,1,1,2
2311,103,2,1,8,1
2312,103,1,1,2,2
2313,103,1,2,1,2
2314,101,1,2,2,2
2315,200,1,2,1,2
2316,102,1,1,5,1
2317,101,1,2,1,2
2319,101,2,1,1,2
2324,102,1,1,5,1
2325,104,1,1,1,2
2326,103,1,1,1,2
2331,102,1,2,1,1
2332,200,1,2,1,2
2333,101,1,2,3,2
2336,102,1,2,2,2
2337,200,1,2,1,2
2338,101,1,1,1,2
2340,103,1,2,1,2
2341,101,4,1,8,2
2343,103,2,1,3,2
2344,104,1,2,2,2
2345,103,1,2,1,2
2347,101,1,1,1,2
2349,102,1,2,1,1
2350,103,2,1,2,2
2351,104,1,2,1,2
2352,200,1,2,1,2
2353,103,1,1,1,2
2354,104,1,2,2,2
2355,103,2,1,3,2
2356,502,1,2,2,2
2359,200,1,2,1,2
2360,402,1,1,1,2
2361,103,2,1,3,2
2362,104,1,2,1,2
2363,502,1,2,4,2
2364,104,2,1,1,2
2365,101,1,1,1,1
2367,102,1,2,1,2
2369,103,1,2,1,2
2371,103,1,2,1,2
2372,103,1,1,1,2
2373,104,2,1,1,2
2374,101,2,1,1,2
2376,101,1,1,5,2
2378,104,1,1,1,2
2384,104,1,1,1,2
2390,101,1,1,1,1
2391,102,1,1,5,1
2392,104,1,1,3,2
2393,200,1,2,1,2
2394,103,1,2,5,2
2395,101,1,1,2,2
2398,103,1,1,1,2
2399,200,1,2,1,2
2401,103,2,1,1,2
2403,103,2,1,1,1
2404,103,1,1,1,2
2406,502,1,2,4,2
2407,200,1,2,1,2
2409,104,1,2,2,2
2410,104,1,2,8,1
2411,104,1,2,1,2
2412,502,1,2,4,2
2413,102,1,2,1,2
2414,103,1,1,1,2
2416,104,1,2,1,2
2418,104,2,1,1,2
2419,104,1,2,1,2
2420,101,1,1,1,2
2421,101,1,2,2,1
2422,103,1,1,1,2
2423,103,1,2,1,2
2425,103,1,2,2,2
2426,405,1,2,4,1
2427,200,1,2,2,2
2428,102,1,2,1,2
2429,103,1,2,1,1
2430,104,1,1,1,2
2431,405,1,2,5,2
2432,103,2,1,1,2
2433,103,1,2,1,2
2434,104,1,1,1,2
2435,104,1,1,1,2
2436,200,1,2,1,2
2437,103,1,2,1,1
2438,104,2,1,2,2
2439,103,1,2,5,2
2440,200,1,2,1,2
2441,104,1,2,1,1
2443,103,1,1,1,2
2444,103,2,2,1,2
2446,103,1,1,1,2
2447,104,1,2,2,2
2449,101,1,1,1,2
2450,200,1,2,1,2
2451,103,1,1,1,2
2452,405,1,2,5,2
2453,101,1,2,2,2
2454,101,2,1,2,2
2455,103,2,1,8,2
2457,101,1,1,2,2
2458,200,1,2,1,2
2459,200,1,2,1,2
2460,200,1,2,1,2
2461,101,1,1,1,1
2463,102,1,2,3,2
2464,103,1,2,1,2
2465,104,1,2,1,2
2466,104,1,2,2,2
2467,103,1,2,4,2
2469,103,1,2,1,2
2472,200,1,2,8,2
2474,103,1,1,5,2
2475,104,1,2,1,2
2476,104,2,1,1,2
2477,104,1,2,1,2
2480,103,1,2,5,2
2482,200,1,2,1,2
2484,104,1,2,1,2
2486,104,1,2,8,2
2487,101,1,1,1,2
2488,104,1,2,1,2
2490,103,1,2,4,2
2491,501,1,2,5,2
2492,104,4,2,1,2
2493,102,4,2,8,2
2494,101,1,1,2,2
2496,103,2,1,1,2
2497,103,2,1,1,2
2498,104,1,2,1,2
2499,103,1,1,1,2
2500,502,1,2,4,2
2501,104,1,2,1,2
2502,103,1,2,1,2
2503,103,1,2,1,2
2504,104,1,2,1,2
2505,102,1,2,1,2
2506,101,2,1,1,2
2508,103,1,2,1,2
2509,405,1,2,1,1
2510,104,1,2,2,2
2511,103,2,1,1,1
2513,104,1,2,1,2
2515,104,1,2,1,1
2519,104,2,1,1,2
2522,101,2,1,1,2
2523,102,1,2,1,1
2527,104,1,2,1,2
2528,104,1,2,5,1
2529,200,1,2,1,1
2530,104,1,1,2,2
2534,104,1,2,5,2
2535,102,1,2,5,2
2536,501,1,2,2,2
2538,200,1,2,1,1
2539,103,1,2,8,1
2540,104,1,2,8,1
2541,103,1,2,1,2
2542,502,1,2,2,2
2544,200,1,2,1,2
2547,103,1,2,1,2
2549,103,1,1,1,2
2550,402,4,1,4,2
